<?xml version="1.0" encoding="UTF-8"?> 
<Configuration> 
    <Appenders> 
        <Console name="STDOUT" target="SYSTEM_OUT"> 
            <PatternLayout pattern="%d %-5p [%t] %C{2} (%F:%L) - %m%n"/> 
        </Console>         
        <RollingRandomAccessFile name="RollingRandomAccessFile-APPTRACE" fileName="/etc/serverLogs/wsSoapFacade/server.log"
                                 filePattern="/etc/serverLogs/wsSoapFacade/$${date:yyyy-MM-dd}/server-%d{yyyy-MM-dd-HH}-%i.log.gz">
            <PatternLayout>
                <Pattern>%d %p %c{1.} [%t] %m%n</Pattern>
            </PatternLayout>
            <Policies>
                <SizeBasedTriggeringPolicy size="10 MB"/>
                <TimeBasedTriggeringPolicy />
            </Policies>
        </RollingRandomAccessFile>
    </Appenders> 
    <Loggers>        
        <Root level="info"> 
            <AppenderRef ref="RollingRandomAccessFile-APPTRACE"/> 
        </Root> 
    
    </Loggers> 
</Configuration>